DataZone,SubHSCP,SubHSCPName,CA,HSCP,HB,Country
S01007284,PH0000010,"Mull, Iona, Coll, Tiree and Colonsay",S12000035,S37000004,S08000022,S92000003
S01007285,PH0000010,"Mull, Iona, Coll, Tiree and Colonsay",S12000035,S37000004,S08000022,S92000003
S01007286,PH0000010,"Mull, Iona, Coll, Tiree and Colonsay",S12000035,S37000004,S08000022,S92000003
S01007287,PH0000010,"Mull, Iona, Coll, Tiree and Colonsay",S12000035,S37000004,S08000022,S92000003
S01007288,PH0000010,"Mull, Iona, Coll, Tiree and Colonsay",S12000035,S37000004,S08000022,S92000003
S01007289,PH0000011,"Oban, Lorn and the Inner Isles",S12000035,S37000004,S08000022,S92000003
S01007290,PH0000011,"Oban, Lorn and the Inner Isles",S12000035,S37000004,S08000022,S92000003
S01007291,PH0000011,"Oban, Lorn and the Inner Isles",S12000035,S37000004,S08000022,S92000003
S01007292,PH0000011,"Oban, Lorn and the Inner Isles",S12000035,S37000004,S08000022,S92000003
S01007293,PH0000011,"Oban, Lorn and the Inner Isles",S12000035,S37000004,S08000022,S92000003
S01007294,PH0000011,"Oban, Lorn and the Inner Isles",S12000035,S37000004,S08000022,S92000003
S01007295,PH0000011,"Oban, Lorn and the Inner Isles",S12000035,S37000004,S08000022,S92000003
S01007296,PH0000011,"Oban, Lorn and the Inner Isles",S12000035,S37000004,S08000022,S92000003
S01007297,PH0000011,"Oban, Lorn and the Inner Isles",S12000035,S37000004,S08000022,S92000003
S01007298,PH0000011,"Oban, Lorn and the Inner Isles",S12000035,S37000004,S08000022,S92000003
S01007299,PH0000011,"Oban, Lorn and the Inner Isles",S12000035,S37000004,S08000022,S92000003
S01007300,PH0000011,"Oban, Lorn and the Inner Isles",S12000035,S37000004,S08000022,S92000003
S01007301,PH0000011,"Oban, Lorn and the Inner Isles",S12000035,S37000004,S08000022,S92000003
S01007302,PH0000011,"Oban, Lorn and the Inner Isles",S12000035,S37000004,S08000022,S92000003
S01007303,PH0000011,"Oban, Lorn and the Inner Isles",S12000035,S37000004,S08000022,S92000003
S01007304,PH0000011,"Oban, Lorn and the Inner Isles",S12000035,S37000004,S08000022,S92000003
S01007305,PH0000011,"Oban, Lorn and the Inner Isles",S12000035,S37000004,S08000022,S92000003
S01007306,PH0000011,"Oban, Lorn and the Inner Isles",S12000035,S37000004,S08000022,S92000003
S01007307,PH0000011,"Oban, Lorn and the Inner Isles",S12000035,S37000004,S08000022,S92000003
S01007308,PH0000011,"Oban, Lorn and the Inner Isles",S12000035,S37000004,S08000022,S92000003
S01007309,PH0000011,"Oban, Lorn and the Inner Isles",S12000035,S37000004,S08000022,S92000003
S01007310,PH0000011,"Oban, Lorn and the Inner Isles",S12000035,S37000004,S08000022,S92000003
S01007311,PH0000012,Mid Argyll,S12000035,S37000004,S08000022,S92000003
S01007312,PH0000012,Mid Argyll,S12000035,S37000004,S08000022,S92000003
S01007313,PH0000012,Mid Argyll,S12000035,S37000004,S08000022,S92000003
S01007314,PH0000012,Mid Argyll,S12000035,S37000004,S08000022,S92000003
S01007315,PH0000012,Mid Argyll,S12000035,S37000004,S08000022,S92000003
S01007316,PH0000012,Mid Argyll,S12000035,S37000004,S08000022,S92000003
S01007317,PH0000012,Mid Argyll,S12000035,S37000004,S08000022,S92000003
S01007318,PH0000012,Mid Argyll,S12000035,S37000004,S08000022,S92000003
S01007319,PH0000012,Mid Argyll,S12000035,S37000004,S08000022,S92000003
S01007320,PH0000012,Mid Argyll,S12000035,S37000004,S08000022,S92000003
S01007321,PH0000012,Mid Argyll,S12000035,S37000004,S08000022,S92000003
S01007322,PH0000012,Mid Argyll,S12000035,S37000004,S08000022,S92000003
S01007323,PH0000012,Mid Argyll,S12000035,S37000004,S08000022,S92000003
S01007324,PH0000013,Islay and Jura,S12000035,S37000004,S08000022,S92000003
S01007325,PH0000013,Islay and Jura,S12000035,S37000004,S08000022,S92000003
S01007326,PH0000013,Islay and Jura,S12000035,S37000004,S08000022,S92000003
S01007327,PH0000013,Islay and Jura,S12000035,S37000004,S08000022,S92000003
S01007328,PH0000013,Islay and Jura,S12000035,S37000004,S08000022,S92000003
S01007329,PH0000014,Kintyre,S12000035,S37000004,S08000022,S92000003
S01007330,PH0000014,Kintyre,S12000035,S37000004,S08000022,S92000003
S01007331,PH0000014,Kintyre,S12000035,S37000004,S08000022,S92000003
S01007332,PH0000014,Kintyre,S12000035,S37000004,S08000022,S92000003
S01007333,PH0000014,Kintyre,S12000035,S37000004,S08000022,S92000003
S01007334,PH0000014,Kintyre,S12000035,S37000004,S08000022,S92000003
S01007335,PH0000014,Kintyre,S12000035,S37000004,S08000022,S92000003
S01007336,PH0000014,Kintyre,S12000035,S37000004,S08000022,S92000003
S01007337,PH0000014,Kintyre,S12000035,S37000004,S08000022,S92000003
S01007338,PH0000014,Kintyre,S12000035,S37000004,S08000022,S92000003
S01007339,PH0000014,Kintyre,S12000035,S37000004,S08000022,S92000003
S01007340,PH0000015,Bute,S12000035,S37000004,S08000022,S92000003
S01007341,PH0000015,Bute,S12000035,S37000004,S08000022,S92000003
S01007342,PH0000015,Bute,S12000035,S37000004,S08000022,S92000003
S01007343,PH0000015,Bute,S12000035,S37000004,S08000022,S92000003
S01007344,PH0000015,Bute,S12000035,S37000004,S08000022,S92000003
S01007345,PH0000015,Bute,S12000035,S37000004,S08000022,S92000003
S01007346,PH0000015,Bute,S12000035,S37000004,S08000022,S92000003
S01007347,PH0000015,Bute,S12000035,S37000004,S08000022,S92000003
S01007348,PH0000015,Bute,S12000035,S37000004,S08000022,S92000003
S01007349,PH0000015,Bute,S12000035,S37000004,S08000022,S92000003
S01007350,PH0000015,Bute,S12000035,S37000004,S08000022,S92000003
S01007351,PH0000016,Cowal,S12000035,S37000004,S08000022,S92000003
S01007352,PH0000016,Cowal,S12000035,S37000004,S08000022,S92000003
S01007353,PH0000016,Cowal,S12000035,S37000004,S08000022,S92000003
S01007354,PH0000016,Cowal,S12000035,S37000004,S08000022,S92000003
S01007355,PH0000016,Cowal,S12000035,S37000004,S08000022,S92000003
S01007356,PH0000016,Cowal,S12000035,S37000004,S08000022,S92000003
S01007357,PH0000016,Cowal,S12000035,S37000004,S08000022,S92000003
S01007358,PH0000017,Helensburgh and Lomond,S12000035,S37000004,S08000022,S92000003
S01007359,PH0000016,Cowal,S12000035,S37000004,S08000022,S92000003
S01007360,PH0000016,Cowal,S12000035,S37000004,S08000022,S92000003
S01007361,PH0000016,Cowal,S12000035,S37000004,S08000022,S92000003
S01007362,PH0000016,Cowal,S12000035,S37000004,S08000022,S92000003
S01007363,PH0000016,Cowal,S12000035,S37000004,S08000022,S92000003
S01007364,PH0000016,Cowal,S12000035,S37000004,S08000022,S92000003
S01007365,PH0000016,Cowal,S12000035,S37000004,S08000022,S92000003
S01007366,PH0000016,Cowal,S12000035,S37000004,S08000022,S92000003
S01007367,PH0000016,Cowal,S12000035,S37000004,S08000022,S92000003
S01007368,PH0000016,Cowal,S12000035,S37000004,S08000022,S92000003
S01007369,PH0000016,Cowal,S12000035,S37000004,S08000022,S92000003
S01007370,PH0000016,Cowal,S12000035,S37000004,S08000022,S92000003
S01007371,PH0000016,Cowal,S12000035,S37000004,S08000022,S92000003
S01007372,PH0000016,Cowal,S12000035,S37000004,S08000022,S92000003
S01007373,PH0000017,Helensburgh and Lomond,S12000035,S37000004,S08000022,S92000003
S01007374,PH0000017,Helensburgh and Lomond,S12000035,S37000004,S08000022,S92000003
S01007375,PH0000017,Helensburgh and Lomond,S12000035,S37000004,S08000022,S92000003
S01007376,PH0000017,Helensburgh and Lomond,S12000035,S37000004,S08000022,S92000003
S01007377,PH0000017,Helensburgh and Lomond,S12000035,S37000004,S08000022,S92000003
S01007378,PH0000017,Helensburgh and Lomond,S12000035,S37000004,S08000022,S92000003
S01007379,PH0000017,Helensburgh and Lomond,S12000035,S37000004,S08000022,S92000003
S01007380,PH0000017,Helensburgh and Lomond,S12000035,S37000004,S08000022,S92000003
S01007381,PH0000017,Helensburgh and Lomond,S12000035,S37000004,S08000022,S92000003
S01007382,PH0000017,Helensburgh and Lomond,S12000035,S37000004,S08000022,S92000003
S01007383,PH0000017,Helensburgh and Lomond,S12000035,S37000004,S08000022,S92000003
S01007384,PH0000017,Helensburgh and Lomond,S12000035,S37000004,S08000022,S92000003
S01007385,PH0000017,Helensburgh and Lomond,S12000035,S37000004,S08000022,S92000003
S01007386,PH0000017,Helensburgh and Lomond,S12000035,S37000004,S08000022,S92000003
S01007387,PH0000017,Helensburgh and Lomond,S12000035,S37000004,S08000022,S92000003
S01007388,PH0000017,Helensburgh and Lomond,S12000035,S37000004,S08000022,S92000003
S01007389,PH0000017,Helensburgh and Lomond,S12000035,S37000004,S08000022,S92000003
S01007390,PH0000017,Helensburgh and Lomond,S12000035,S37000004,S08000022,S92000003
S01007391,PH0000017,Helensburgh and Lomond,S12000035,S37000004,S08000022,S92000003
S01007392,PH0000017,Helensburgh and Lomond,S12000035,S37000004,S08000022,S92000003
S01007393,PH0000017,Helensburgh and Lomond,S12000035,S37000004,S08000022,S92000003
S01007394,PH0000017,Helensburgh and Lomond,S12000035,S37000004,S08000022,S92000003
S01007395,PH0000017,Helensburgh and Lomond,S12000035,S37000004,S08000022,S92000003
S01007396,PH0000017,Helensburgh and Lomond,S12000035,S37000004,S08000022,S92000003
S01007397,PH0000017,Helensburgh and Lomond,S12000035,S37000004,S08000022,S92000003
S01007398,PH0000017,Helensburgh and Lomond,S12000035,S37000004,S08000022,S92000003
S01007399,PH0000017,Helensburgh and Lomond,S12000035,S37000004,S08000022,S92000003
S01007400,PH0000017,Helensburgh and Lomond,S12000035,S37000004,S08000022,S92000003
S01007401,PH0000017,Helensburgh and Lomond,S12000035,S37000004,S08000022,S92000003
S01007402,PH0000017,Helensburgh and Lomond,S12000035,S37000004,S08000022,S92000003
S01007403,PH0000017,Helensburgh and Lomond,S12000035,S37000004,S08000022,S92000003
S01007404,PH0000017,Helensburgh and Lomond,S12000035,S37000004,S08000022,S92000003
S01007405,PH0000017,Helensburgh and Lomond,S12000035,S37000004,S08000022,S92000003
S01007406,PH0000017,Helensburgh and Lomond,S12000035,S37000004,S08000022,S92000003
S01007407,PH0000017,Helensburgh and Lomond,S12000035,S37000004,S08000022,S92000003
S01007408,PH0000017,Helensburgh and Lomond,S12000035,S37000004,S08000022,S92000003
S01010504,PH0000001,Lochaber,S12000017,S37000016,S08000022,S92000003
S01010505,PH0000001,Lochaber,S12000017,S37000016,S08000022,S92000003
S01010506,PH0000001,Lochaber,S12000017,S37000016,S08000022,S92000003
S01010507,PH0000001,Lochaber,S12000017,S37000016,S08000022,S92000003
S01010508,PH0000001,Lochaber,S12000017,S37000016,S08000022,S92000003
S01010509,PH0000001,Lochaber,S12000017,S37000016,S08000022,S92000003
S01010510,PH0000001,Lochaber,S12000017,S37000016,S08000022,S92000003
S01010511,PH0000001,Lochaber,S12000017,S37000016,S08000022,S92000003
S01010512,PH0000001,Lochaber,S12000017,S37000016,S08000022,S92000003
S01010513,PH0000001,Lochaber,S12000017,S37000016,S08000022,S92000003
S01010514,PH0000001,Lochaber,S12000017,S37000016,S08000022,S92000003
S01010515,PH0000001,Lochaber,S12000017,S37000016,S08000022,S92000003
S01010516,PH0000001,Lochaber,S12000017,S37000016,S08000022,S92000003
S01010517,PH0000001,Lochaber,S12000017,S37000016,S08000022,S92000003
S01010518,PH0000001,Lochaber,S12000017,S37000016,S08000022,S92000003
S01010519,PH0000001,Lochaber,S12000017,S37000016,S08000022,S92000003
S01010520,PH0000001,Lochaber,S12000017,S37000016,S08000022,S92000003
S01010521,PH0000001,Lochaber,S12000017,S37000016,S08000022,S92000003
S01010522,PH0000001,Lochaber,S12000017,S37000016,S08000022,S92000003
S01010523,PH0000001,Lochaber,S12000017,S37000016,S08000022,S92000003
S01010524,PH0000001,Lochaber,S12000017,S37000016,S08000022,S92000003
S01010525,PH0000001,Lochaber,S12000017,S37000016,S08000022,S92000003
S01010526,PH0000001,Lochaber,S12000017,S37000016,S08000022,S92000003
S01010527,PH0000001,Lochaber,S12000017,S37000016,S08000022,S92000003
S01010528,PH0000001,Lochaber,S12000017,S37000016,S08000022,S92000003
S01010529,PH0000001,Lochaber,S12000017,S37000016,S08000022,S92000003
S01010530,PH0000001,Lochaber,S12000017,S37000016,S08000022,S92000003
S01010531,PH0000002,Badenoch and Strathspey,S12000017,S37000016,S08000022,S92000003
S01010532,PH0000002,Badenoch and Strathspey,S12000017,S37000016,S08000022,S92000003
S01010533,PH0000002,Badenoch and Strathspey,S12000017,S37000016,S08000022,S92000003
S01010534,PH0000002,Badenoch and Strathspey,S12000017,S37000016,S08000022,S92000003
S01010535,PH0000002,Badenoch and Strathspey,S12000017,S37000016,S08000022,S92000003
S01010536,PH0000002,Badenoch and Strathspey,S12000017,S37000016,S08000022,S92000003
S01010537,PH0000002,Badenoch and Strathspey,S12000017,S37000016,S08000022,S92000003
S01010538,PH0000002,Badenoch and Strathspey,S12000017,S37000016,S08000022,S92000003
S01010539,PH0000002,Badenoch and Strathspey,S12000017,S37000016,S08000022,S92000003
S01010540,PH0000002,Badenoch and Strathspey,S12000017,S37000016,S08000022,S92000003
S01010541,PH0000002,Badenoch and Strathspey,S12000017,S37000016,S08000022,S92000003
S01010542,PH0000002,Badenoch and Strathspey,S12000017,S37000016,S08000022,S92000003
S01010543,PH0000002,Badenoch and Strathspey,S12000017,S37000016,S08000022,S92000003
S01010544,PH0000002,Badenoch and Strathspey,S12000017,S37000016,S08000022,S92000003
S01010545,PH0000002,Badenoch and Strathspey,S12000017,S37000016,S08000022,S92000003
S01010546,PH0000002,Badenoch and Strathspey,S12000017,S37000016,S08000022,S92000003
S01010547,PH0000002,Badenoch and Strathspey,S12000017,S37000016,S08000022,S92000003
S01010548,PH0000003,Nairn & Nairnshire,S12000017,S37000016,S08000022,S92000003
S01010549,PH0000003,Nairn & Nairnshire,S12000017,S37000016,S08000022,S92000003
S01010550,PH0000003,Nairn & Nairnshire,S12000017,S37000016,S08000022,S92000003
S01010551,PH0000003,Nairn & Nairnshire,S12000017,S37000016,S08000022,S92000003
S01010552,PH0000003,Nairn & Nairnshire,S12000017,S37000016,S08000022,S92000003
S01010553,PH0000003,Nairn & Nairnshire,S12000017,S37000016,S08000022,S92000003
S01010554,PH0000003,Nairn & Nairnshire,S12000017,S37000016,S08000022,S92000003
S01010555,PH0000003,Nairn & Nairnshire,S12000017,S37000016,S08000022,S92000003
S01010556,PH0000003,Nairn & Nairnshire,S12000017,S37000016,S08000022,S92000003
S01010557,PH0000003,Nairn & Nairnshire,S12000017,S37000016,S08000022,S92000003
S01010558,PH0000003,Nairn & Nairnshire,S12000017,S37000016,S08000022,S92000003
S01010559,PH0000003,Nairn & Nairnshire,S12000017,S37000016,S08000022,S92000003
S01010560,PH0000003,Nairn & Nairnshire,S12000017,S37000016,S08000022,S92000003
S01010561,PH0000003,Nairn & Nairnshire,S12000017,S37000016,S08000022,S92000003
S01010562,PH0000003,Nairn & Nairnshire,S12000017,S37000016,S08000022,S92000003
S01010563,PH0000003,Nairn & Nairnshire,S12000017,S37000016,S08000022,S92000003
S01010564,PH0000003,Nairn & Nairnshire,S12000017,S37000016,S08000022,S92000003
S01010565,PH0000003,Nairn & Nairnshire,S12000017,S37000016,S08000022,S92000003
S01010566,PH0000004,Inverness,S12000017,S37000016,S08000022,S92000003
S01010567,PH0000004,Inverness,S12000017,S37000016,S08000022,S92000003
S01010568,PH0000004,Inverness,S12000017,S37000016,S08000022,S92000003
S01010569,PH0000004,Inverness,S12000017,S37000016,S08000022,S92000003
S01010570,PH0000004,Inverness,S12000017,S37000016,S08000022,S92000003
S01010571,PH0000004,Inverness,S12000017,S37000016,S08000022,S92000003
S01010572,PH0000004,Inverness,S12000017,S37000016,S08000022,S92000003
S01010573,PH0000004,Inverness,S12000017,S37000016,S08000022,S92000003
S01010574,PH0000004,Inverness,S12000017,S37000016,S08000022,S92000003
S01010575,PH0000004,Inverness,S12000017,S37000016,S08000022,S92000003
S01010576,PH0000004,Inverness,S12000017,S37000016,S08000022,S92000003
S01010577,PH0000004,Inverness,S12000017,S37000016,S08000022,S92000003
S01010578,PH0000004,Inverness,S12000017,S37000016,S08000022,S92000003
S01010579,PH0000004,Inverness,S12000017,S37000016,S08000022,S92000003
S01010580,PH0000004,Inverness,S12000017,S37000016,S08000022,S92000003
S01010581,PH0000004,Inverness,S12000017,S37000016,S08000022,S92000003
S01010582,PH0000004,Inverness,S12000017,S37000016,S08000022,S92000003
S01010583,PH0000004,Inverness,S12000017,S37000016,S08000022,S92000003
S01010584,PH0000004,Inverness,S12000017,S37000016,S08000022,S92000003
S01010585,PH0000004,Inverness,S12000017,S37000016,S08000022,S92000003
S01010586,PH0000004,Inverness,S12000017,S37000016,S08000022,S92000003
S01010587,PH0000004,Inverness,S12000017,S37000016,S08000022,S92000003
S01010588,PH0000004,Inverness,S12000017,S37000016,S08000022,S92000003
S01010589,PH0000004,Inverness,S12000017,S37000016,S08000022,S92000003
S01010590,PH0000004,Inverness,S12000017,S37000016,S08000022,S92000003
S01010591,PH0000004,Inverness,S12000017,S37000016,S08000022,S92000003
S01010592,PH0000004,Inverness,S12000017,S37000016,S08000022,S92000003
S01010593,PH0000004,Inverness,S12000017,S37000016,S08000022,S92000003
S01010594,PH0000004,Inverness,S12000017,S37000016,S08000022,S92000003
S01010595,PH0000004,Inverness,S12000017,S37000016,S08000022,S92000003
S01010596,PH0000004,Inverness,S12000017,S37000016,S08000022,S92000003
S01010597,PH0000004,Inverness,S12000017,S37000016,S08000022,S92000003
S01010598,PH0000004,Inverness,S12000017,S37000016,S08000022,S92000003
S01010599,PH0000004,Inverness,S12000017,S37000016,S08000022,S92000003
S01010600,PH0000004,Inverness,S12000017,S37000016,S08000022,S92000003
S01010601,PH0000004,Inverness,S12000017,S37000016,S08000022,S92000003
S01010602,PH0000004,Inverness,S12000017,S37000016,S08000022,S92000003
S01010603,PH0000004,Inverness,S12000017,S37000016,S08000022,S92000003
S01010604,PH0000004,Inverness,S12000017,S37000016,S08000022,S92000003
S01010605,PH0000004,Inverness,S12000017,S37000016,S08000022,S92000003
S01010606,PH0000004,Inverness,S12000017,S37000016,S08000022,S92000003
S01010607,PH0000004,Inverness,S12000017,S37000016,S08000022,S92000003
S01010608,PH0000004,Inverness,S12000017,S37000016,S08000022,S92000003
S01010609,PH0000004,Inverness,S12000017,S37000016,S08000022,S92000003
S01010610,PH0000004,Inverness,S12000017,S37000016,S08000022,S92000003
S01010611,PH0000004,Inverness,S12000017,S37000016,S08000022,S92000003
S01010612,PH0000004,Inverness,S12000017,S37000016,S08000022,S92000003
S01010613,PH0000004,Inverness,S12000017,S37000016,S08000022,S92000003
S01010614,PH0000004,Inverness,S12000017,S37000016,S08000022,S92000003
S01010615,PH0000004,Inverness,S12000017,S37000016,S08000022,S92000003
S01010616,PH0000004,Inverness,S12000017,S37000016,S08000022,S92000003
S01010617,PH0000004,Inverness,S12000017,S37000016,S08000022,S92000003
S01010618,PH0000004,Inverness,S12000017,S37000016,S08000022,S92000003
S01010619,PH0000004,Inverness,S12000017,S37000016,S08000022,S92000003
S01010620,PH0000004,Inverness,S12000017,S37000016,S08000022,S92000003
S01010621,PH0000004,Inverness,S12000017,S37000016,S08000022,S92000003
S01010622,PH0000004,Inverness,S12000017,S37000016,S08000022,S92000003
S01010623,PH0000004,Inverness,S12000017,S37000016,S08000022,S92000003
S01010624,PH0000004,Inverness,S12000017,S37000016,S08000022,S92000003
S01010625,PH0000004,Inverness,S12000017,S37000016,S08000022,S92000003
S01010626,PH0000004,Inverness,S12000017,S37000016,S08000022,S92000003
S01010627,PH0000004,Inverness,S12000017,S37000016,S08000022,S92000003
S01010628,PH0000004,Inverness,S12000017,S37000016,S08000022,S92000003
S01010629,PH0000004,Inverness,S12000017,S37000016,S08000022,S92000003
S01010630,PH0000004,Inverness,S12000017,S37000016,S08000022,S92000003
S01010631,PH0000004,Inverness,S12000017,S37000016,S08000022,S92000003
S01010632,PH0000004,Inverness,S12000017,S37000016,S08000022,S92000003
S01010633,PH0000004,Inverness,S12000017,S37000016,S08000022,S92000003
S01010634,PH0000004,Inverness,S12000017,S37000016,S08000022,S92000003
S01010635,PH0000004,Inverness,S12000017,S37000016,S08000022,S92000003
S01010636,PH0000004,Inverness,S12000017,S37000016,S08000022,S92000003
S01010637,PH0000004,Inverness,S12000017,S37000016,S08000022,S92000003
S01010638,PH0000004,Inverness,S12000017,S37000016,S08000022,S92000003
S01010639,PH0000004,Inverness,S12000017,S37000016,S08000022,S92000003
S01010640,PH0000004,Inverness,S12000017,S37000016,S08000022,S92000003
S01010641,PH0000004,Inverness,S12000017,S37000016,S08000022,S92000003
S01010642,PH0000004,Inverness,S12000017,S37000016,S08000022,S92000003
S01010643,PH0000004,Inverness,S12000017,S37000016,S08000022,S92000003
S01010644,PH0000004,Inverness,S12000017,S37000016,S08000022,S92000003
S01010645,PH0000004,Inverness,S12000017,S37000016,S08000022,S92000003
S01010646,PH0000004,Inverness,S12000017,S37000016,S08000022,S92000003
S01010647,PH0000004,Inverness,S12000017,S37000016,S08000022,S92000003
S01010648,PH0000004,Inverness,S12000017,S37000016,S08000022,S92000003
S01010649,PH0000004,Inverness,S12000017,S37000016,S08000022,S92000003
S01010650,PH0000004,Inverness,S12000017,S37000016,S08000022,S92000003
S01010651,PH0000004,Inverness,S12000017,S37000016,S08000022,S92000003
S01010652,PH0000004,Inverness,S12000017,S37000016,S08000022,S92000003
S01010653,PH0000004,Inverness,S12000017,S37000016,S08000022,S92000003
S01010654,PH0000004,Inverness,S12000017,S37000016,S08000022,S92000003
S01010655,PH0000004,Inverness,S12000017,S37000016,S08000022,S92000003
S01010656,PH0000004,Inverness,S12000017,S37000016,S08000022,S92000003
S01010657,PH0000004,Inverness,S12000017,S37000016,S08000022,S92000003
S01010658,PH0000004,Inverness,S12000017,S37000016,S08000022,S92000003
S01010659,PH0000004,Inverness,S12000017,S37000016,S08000022,S92000003
S01010660,PH0000004,Inverness,S12000017,S37000016,S08000022,S92000003
S01010661,PH0000004,Inverness,S12000017,S37000016,S08000022,S92000003
S01010662,PH0000004,Inverness,S12000017,S37000016,S08000022,S92000003
S01010663,PH0000004,Inverness,S12000017,S37000016,S08000022,S92000003
S01010664,PH0000004,Inverness,S12000017,S37000016,S08000022,S92000003
S01010665,PH0000004,Inverness,S12000017,S37000016,S08000022,S92000003
S01010666,PH0000004,Inverness,S12000017,S37000016,S08000022,S92000003
S01010667,PH0000004,Inverness,S12000017,S37000016,S08000022,S92000003
S01010668,PH0000004,Inverness,S12000017,S37000016,S08000022,S92000003
S01010669,PH0000005,"Skye, Lochalsh and West Ross",S12000017,S37000016,S08000022,S92000003
S01010670,PH0000005,"Skye, Lochalsh and West Ross",S12000017,S37000016,S08000022,S92000003
S01010671,PH0000005,"Skye, Lochalsh and West Ross",S12000017,S37000016,S08000022,S92000003
S01010672,PH0000005,"Skye, Lochalsh and West Ross",S12000017,S37000016,S08000022,S92000003
S01010673,PH0000005,"Skye, Lochalsh and West Ross",S12000017,S37000016,S08000022,S92000003
S01010674,PH0000005,"Skye, Lochalsh and West Ross",S12000017,S37000016,S08000022,S92000003
S01010675,PH0000005,"Skye, Lochalsh and West Ross",S12000017,S37000016,S08000022,S92000003
S01010676,PH0000005,"Skye, Lochalsh and West Ross",S12000017,S37000016,S08000022,S92000003
S01010677,PH0000005,"Skye, Lochalsh and West Ross",S12000017,S37000016,S08000022,S92000003
S01010678,PH0000005,"Skye, Lochalsh and West Ross",S12000017,S37000016,S08000022,S92000003
S01010679,PH0000005,"Skye, Lochalsh and West Ross",S12000017,S37000016,S08000022,S92000003
S01010680,PH0000005,"Skye, Lochalsh and West Ross",S12000017,S37000016,S08000022,S92000003
S01010681,PH0000005,"Skye, Lochalsh and West Ross",S12000017,S37000016,S08000022,S92000003
S01010682,PH0000005,"Skye, Lochalsh and West Ross",S12000017,S37000016,S08000022,S92000003
S01010683,PH0000005,"Skye, Lochalsh and West Ross",S12000017,S37000016,S08000022,S92000003
S01010684,PH0000005,"Skye, Lochalsh and West Ross",S12000017,S37000016,S08000022,S92000003
S01010685,PH0000005,"Skye, Lochalsh and West Ross",S12000017,S37000016,S08000022,S92000003
S01010686,PH0000005,"Skye, Lochalsh and West Ross",S12000017,S37000016,S08000022,S92000003
S01010687,PH0000005,"Skye, Lochalsh and West Ross",S12000017,S37000016,S08000022,S92000003
S01010688,PH0000005,"Skye, Lochalsh and West Ross",S12000017,S37000016,S08000022,S92000003
S01010689,PH0000005,"Skye, Lochalsh and West Ross",S12000017,S37000016,S08000022,S92000003
S01010690,PH0000005,"Skye, Lochalsh and West Ross",S12000017,S37000016,S08000022,S92000003
S01010691,PH0000005,"Skye, Lochalsh and West Ross",S12000017,S37000016,S08000022,S92000003
S01010692,PH0000005,"Skye, Lochalsh and West Ross",S12000017,S37000016,S08000022,S92000003
S01010693,PH0000005,"Skye, Lochalsh and West Ross",S12000017,S37000016,S08000022,S92000003
S01010694,PH0000005,"Skye, Lochalsh and West Ross",S12000017,S37000016,S08000022,S92000003
S01010695,PH0000006,Mid Ross,S12000017,S37000016,S08000022,S92000003
S01010696,PH0000006,Mid Ross,S12000017,S37000016,S08000022,S92000003
S01010697,PH0000006,Mid Ross,S12000017,S37000016,S08000022,S92000003
S01010698,PH0000006,Mid Ross,S12000017,S37000016,S08000022,S92000003
S01010699,PH0000007,East Ross,S12000017,S37000016,S08000022,S92000003
S01010700,PH0000007,East Ross,S12000017,S37000016,S08000022,S92000003
S01010701,PH0000007,East Ross,S12000017,S37000016,S08000022,S92000003
S01010702,PH0000007,East Ross,S12000017,S37000016,S08000022,S92000003
S01010703,PH0000006,Mid Ross,S12000017,S37000016,S08000022,S92000003
S01010704,PH0000006,Mid Ross,S12000017,S37000016,S08000022,S92000003
S01010705,PH0000006,Mid Ross,S12000017,S37000016,S08000022,S92000003
S01010706,PH0000006,Mid Ross,S12000017,S37000016,S08000022,S92000003
S01010707,PH0000006,Mid Ross,S12000017,S37000016,S08000022,S92000003
S01010708,PH0000006,Mid Ross,S12000017,S37000016,S08000022,S92000003
S01010709,PH0000006,Mid Ross,S12000017,S37000016,S08000022,S92000003
S01010710,PH0000006,Mid Ross,S12000017,S37000016,S08000022,S92000003
S01010711,PH0000006,Mid Ross,S12000017,S37000016,S08000022,S92000003
S01010712,PH0000006,Mid Ross,S12000017,S37000016,S08000022,S92000003
S01010713,PH0000006,Mid Ross,S12000017,S37000016,S08000022,S92000003
S01010714,PH0000006,Mid Ross,S12000017,S37000016,S08000022,S92000003
S01010715,PH0000006,Mid Ross,S12000017,S37000016,S08000022,S92000003
S01010716,PH0000006,Mid Ross,S12000017,S37000016,S08000022,S92000003
S01010717,PH0000006,Mid Ross,S12000017,S37000016,S08000022,S92000003
S01010718,PH0000006,Mid Ross,S12000017,S37000016,S08000022,S92000003
S01010719,PH0000006,Mid Ross,S12000017,S37000016,S08000022,S92000003
S01010720,PH0000006,Mid Ross,S12000017,S37000016,S08000022,S92000003
S01010721,PH0000006,Mid Ross,S12000017,S37000016,S08000022,S92000003
S01010722,PH0000006,Mid Ross,S12000017,S37000016,S08000022,S92000003
S01010723,PH0000006,Mid Ross,S12000017,S37000016,S08000022,S92000003
S01010724,PH0000006,Mid Ross,S12000017,S37000016,S08000022,S92000003
S01010725,PH0000006,Mid Ross,S12000017,S37000016,S08000022,S92000003
S01010726,PH0000006,Mid Ross,S12000017,S37000016,S08000022,S92000003
S01010727,PH0000006,Mid Ross,S12000017,S37000016,S08000022,S92000003
S01010728,PH0000006,Mid Ross,S12000017,S37000016,S08000022,S92000003
S01010729,PH0000006,Mid Ross,S12000017,S37000016,S08000022,S92000003
S01010730,PH0000006,Mid Ross,S12000017,S37000016,S08000022,S92000003
S01010731,PH0000006,Mid Ross,S12000017,S37000016,S08000022,S92000003
S01010732,PH0000007,East Ross,S12000017,S37000016,S08000022,S92000003
S01010733,PH0000007,East Ross,S12000017,S37000016,S08000022,S92000003
S01010734,PH0000007,East Ross,S12000017,S37000016,S08000022,S92000003
S01010735,PH0000007,East Ross,S12000017,S37000016,S08000022,S92000003
S01010736,PH0000007,East Ross,S12000017,S37000016,S08000022,S92000003
S01010737,PH0000007,East Ross,S12000017,S37000016,S08000022,S92000003
S01010738,PH0000007,East Ross,S12000017,S37000016,S08000022,S92000003
S01010739,PH0000007,East Ross,S12000017,S37000016,S08000022,S92000003
S01010740,PH0000007,East Ross,S12000017,S37000016,S08000022,S92000003
S01010741,PH0000007,East Ross,S12000017,S37000016,S08000022,S92000003
S01010742,PH0000007,East Ross,S12000017,S37000016,S08000022,S92000003
S01010743,PH0000007,East Ross,S12000017,S37000016,S08000022,S92000003
S01010744,PH0000007,East Ross,S12000017,S37000016,S08000022,S92000003
S01010745,PH0000007,East Ross,S12000017,S37000016,S08000022,S92000003
S01010746,PH0000007,East Ross,S12000017,S37000016,S08000022,S92000003
S01010747,PH0000007,East Ross,S12000017,S37000016,S08000022,S92000003
S01010748,PH0000007,East Ross,S12000017,S37000016,S08000022,S92000003
S01010749,PH0000007,East Ross,S12000017,S37000016,S08000022,S92000003
S01010750,PH0000007,East Ross,S12000017,S37000016,S08000022,S92000003
S01010751,PH0000007,East Ross,S12000017,S37000016,S08000022,S92000003
S01010752,PH0000007,East Ross,S12000017,S37000016,S08000022,S92000003
S01010753,PH0000007,East Ross,S12000017,S37000016,S08000022,S92000003
S01010754,PH0000007,East Ross,S12000017,S37000016,S08000022,S92000003
S01010755,PH0000007,East Ross,S12000017,S37000016,S08000022,S92000003
S01010756,PH0000007,East Ross,S12000017,S37000016,S08000022,S92000003
S01010757,PH0000008,Sutherland,S12000017,S37000016,S08000022,S92000003
S01010758,PH0000008,Sutherland,S12000017,S37000016,S08000022,S92000003
S01010759,PH0000008,Sutherland,S12000017,S37000016,S08000022,S92000003
S01010760,PH0000008,Sutherland,S12000017,S37000016,S08000022,S92000003
S01010761,PH0000008,Sutherland,S12000017,S37000016,S08000022,S92000003
S01010762,PH0000007,East Ross,S12000017,S37000016,S08000022,S92000003
S01010763,PH0000008,Sutherland,S12000017,S37000016,S08000022,S92000003
S01010764,PH0000008,Sutherland,S12000017,S37000016,S08000022,S92000003
S01010765,PH0000008,Sutherland,S12000017,S37000016,S08000022,S92000003
S01010766,PH0000008,Sutherland,S12000017,S37000016,S08000022,S92000003
S01010767,PH0000008,Sutherland,S12000017,S37000016,S08000022,S92000003
S01010768,PH0000008,Sutherland,S12000017,S37000016,S08000022,S92000003
S01010769,PH0000008,Sutherland,S12000017,S37000016,S08000022,S92000003
S01010770,PH0000008,Sutherland,S12000017,S37000016,S08000022,S92000003
S01010771,PH0000008,Sutherland,S12000017,S37000016,S08000022,S92000003
S01010772,PH0000009,Caithness,S12000017,S37000016,S08000022,S92000003
S01010773,PH0000009,Caithness,S12000017,S37000016,S08000022,S92000003
S01010774,PH0000009,Caithness,S12000017,S37000016,S08000022,S92000003
S01010775,PH0000009,Caithness,S12000017,S37000016,S08000022,S92000003
S01010776,PH0000009,Caithness,S12000017,S37000016,S08000022,S92000003
S01010777,PH0000009,Caithness,S12000017,S37000016,S08000022,S92000003
S01010778,PH0000009,Caithness,S12000017,S37000016,S08000022,S92000003
S01010779,PH0000009,Caithness,S12000017,S37000016,S08000022,S92000003
S01010780,PH0000009,Caithness,S12000017,S37000016,S08000022,S92000003
S01010781,PH0000009,Caithness,S12000017,S37000016,S08000022,S92000003
S01010782,PH0000009,Caithness,S12000017,S37000016,S08000022,S92000003
S01010783,PH0000009,Caithness,S12000017,S37000016,S08000022,S92000003
S01010784,PH0000009,Caithness,S12000017,S37000016,S08000022,S92000003
S01010785,PH0000009,Caithness,S12000017,S37000016,S08000022,S92000003
S01010786,PH0000009,Caithness,S12000017,S37000016,S08000022,S92000003
S01010787,PH0000009,Caithness,S12000017,S37000016,S08000022,S92000003
S01010788,PH0000009,Caithness,S12000017,S37000016,S08000022,S92000003
S01010789,PH0000009,Caithness,S12000017,S37000016,S08000022,S92000003
S01010790,PH0000009,Caithness,S12000017,S37000016,S08000022,S92000003
S01010791,PH0000009,Caithness,S12000017,S37000016,S08000022,S92000003
S01010792,PH0000009,Caithness,S12000017,S37000016,S08000022,S92000003
S01010793,PH0000009,Caithness,S12000017,S37000016,S08000022,S92000003
S01010794,PH0000009,Caithness,S12000017,S37000016,S08000022,S92000003
S01010795,PH0000009,Caithness,S12000017,S37000016,S08000022,S92000003
S01010796,PH0000009,Caithness,S12000017,S37000016,S08000022,S92000003
S01010797,PH0000009,Caithness,S12000017,S37000016,S08000022,S92000003
S01010798,PH0000009,Caithness,S12000017,S37000016,S08000022,S92000003
S01010799,PH0000009,Caithness,S12000017,S37000016,S08000022,S92000003
S01010800,PH0000009,Caithness,S12000017,S37000016,S08000022,S92000003
S01010801,PH0000009,Caithness,S12000017,S37000016,S08000022,S92000003
S01010802,PH0000009,Caithness,S12000017,S37000016,S08000022,S92000003
S01010803,PH0000009,Caithness,S12000017,S37000016,S08000022,S92000003
S01010804,PH0000009,Caithness,S12000017,S37000016,S08000022,S92000003
S01010805,PH0000009,Caithness,S12000017,S37000016,S08000022,S92000003
S01010806,PH0000009,Caithness,S12000017,S37000016,S08000022,S92000003
S01010807,PH0000009,Caithness,S12000017,S37000016,S08000022,S92000003
S01010808,PH0000009,Caithness,S12000017,S37000016,S08000022,S92000003
S01010809,PH0000009,Caithness,S12000017,S37000016,S08000022,S92000003
S01010810,PH0000008,Sutherland,S12000017,S37000016,S08000022,S92000003
S01010811,PH0000008,Sutherland,S12000017,S37000016,S08000022,S92000003
S01010812,PH0000008,Sutherland,S12000017,S37000016,S08000022,S92000003
S01010813,PH0000008,Sutherland,S12000017,S37000016,S08000022,S92000003
S01010814,PH0000008,Sutherland,S12000017,S37000016,S08000022,S92000003
S01010815,PH0000008,Sutherland,S12000017,S37000016,S08000022,S92000003
